新聞拍案驚奇,channel/UCOLfSutoyLeSggX7oLbrBDQ,dayu,
中國禁聞,channel/UCYSHqbSBDD0X3NC-ze8z5xQ,ntdtv-news,
新聞看點,channel/UCPMqbkR35zZV1ysWGXJPW-w,news-insight,
世界的十字路口,channel/UC-A9OzmRcS-SlXIQmvwMf8w,tanghao,
蕭茗看世界,channel/UC6HcLCrHusY7qLwsWGzfXnw,simonegao,
江峰时刻,channel/UCa6ERCDt3GzkvLye32ar89w,today-in-history,
天亮時分,channel/UCjvjNeHndz4PGs9JXhzdHqw,tianliang,
老北京茶馆,channel/UCpj_AT6Bt1_VT038hmfFGSQ,teahouse,
文昭談古論今,channel/UCtAIPjABiQD3qjlEl1T5VpA,wenzhao,
大陆新闻解读,channel/UC3C919BI3dyDCgQHQVXY6Vg,ntdtv-comedy,
热点互动,channel/UCDrj0cP9ZQ7R9Qq_kZPpjKA,ntdtv-rdhd,
明居正透視中國,channel/UCGekZ_Ig4dP3NDcJCdOK6aA,decoding-china,
秦鹏政经观察,channel/UCwX6rw_QzJbFzvr1CzivxIg,qinpeng
财经冷眼,channel/UCn9_KbNANeyYREePe8YA2DA,lengyan
子弘闲谈,channel/UClS1mgEIYLN9k03_B9o2DCw,zihong
楊景端醫話,channel/UCE7WneiakoyykXzhktMHYhg,health
公子时评,channel/UCrGSFNEBmCN0rqhATZels2Q,gongzi
leonard,channel/UC1mx_wcSHtfpLk5N_zY0TRg,leonard
全球疫情直击,hannel/UCyARfLYu6RvoWqX_mekVLnw,primary-scene
